<ServerManagerConfiguration>
  <ProxyGroup name="filters">
    <!-- ================================================================== -->
    <SourceProxy name="SurfaceCut" class="surfaceCut" label="Surface Cut">
      <Documentation
         long_help="uses implicit selection loop and vtkClipPolyData to extract
         a user-defined region from the surface."
         short_help="Clip the surface along circle of points.">
      </Documentation>

      <InputProperty
         name="Input"
	       port_index="0"
         command="SetInputConnection">
        <ProxyGroupDomain name="groups">
          <Group name="sources"/>
          <Group name="filters"/>
        </ProxyGroupDomain>
        <DataTypeDomain name="input_type">
          <DataType value="vtkPolyData"/>
        </DataTypeDomain>
        <Documentation>
          Set the source data set.
        </Documentation>
      </InputProperty>

      <InputProperty
         name="Path"
         port_index="1"
         command="SetInputConnection">
        <ProxyGroupDomain name="groups">
          <Group name="sources"/>
          <Group name="filters"/>
        </ProxyGroupDomain>
        <DataTypeDomain name="input_type">
          <DataType value="vtkPolyData"/>
        </DataTypeDomain>
        <Documentation>
          Dijkstra's loop.
        </Documentation>
      </InputProperty>

      <InputProperty
         name="Inside Point"
         port_index="2"
         command="SetInputConnection">
        <ProxyGroupDomain name="groups">
          <Group name="sources"/>
          <Group name="filters"/>
        </ProxyGroupDomain>
        <DataTypeDomain name="input_type">
          <DataType value="vtkUnstructuredGrid"/>
        </DataTypeDomain>
        <Documentation>
          Set the outside point that will be used as reference to pick which
          connected component to discard.
        </Documentation>
      </InputProperty>

    </SourceProxy>
  </ProxyGroup>
</ServerManagerConfiguration>
