<ServerManagerConfiguration>
  <ProxyGroup name="filters">
    <SourceProxy class="vtkCurvatures1"
                 label="Curvature1"
                 name="Curvatures1">
      <Documentation long_help="This filter will compute the Gaussian or mean curvature of the mesh at each point."
                     short_help="Compute the curvature at each point.">The
                     Curvature filter computes the curvature at each point in a
                     polygonal data set. It fits a quadratic function or tangent plane
                     to each vertex and uses the resultant shape operator to compute
                     the principal curvatures, which can be used to calculate the
                     Gaussian and Mean curvatures; the type can be selected from the
                     Curvature type menu button.</Documentation>
      <InputProperty command="SetInputConnection"
                     name="Input">
        <ProxyGroupDomain name="groups">
          <Group name="sources" />
          <Group name="filters" />
        </ProxyGroupDomain>
        <DataTypeDomain name="input_type">
          <DataType value="vtkPolyData" />
        </DataTypeDomain>
        <Documentation>This property specifies the input to the Curvature
        filter.</Documentation>
      </InputProperty>

      <IntVectorProperty command="SetInvertMeanCurvature"
                         default_values="0"
                         name="InvertMeanCurvature"
                         number_of_elements="1">
        <BooleanDomain name="bool" />
        <Documentation>If this property is set to 1, the mean curvature
        calculation will be inverted. This is useful for meshes with
        inward-pointing normals.</Documentation>
      </IntVectorProperty>

      <IntVectorProperty command="SetCurvatureType"
                         default_values="0"
                         name="CurvatureType"
                         number_of_elements="1">
        <EnumerationDomain name="enum">
          <Entry text="Gaussian" value="0" />
          <Entry text="Mean" value="1" />
          <Entry text="Maximum" value="2" />
          <Entry text="Minimum" value="3" />
        </EnumerationDomain>
        <Documentation>This property specifies which type of curvature to
        compute.</Documentation>
      </IntVectorProperty>

      <IntVectorProperty
         name="ndepth"
         label="Neighborhood Depth"
         command="Setndepth"
         number_of_elements="1"
         animateable="1"
         default_values="2" >
         <Documentation>
           Set neighborhood depth. Default is 2.
         </Documentation>
     </IntVectorProperty>

      <DoubleVectorProperty
         name="dx"
         label="Voxel size (dx)"
         command="Setdx"
         number_of_elements="1"
         animateable="1"
         default_values="1" >
         <Documentation>
           Set dx.
         </Documentation>
     </DoubleVectorProperty>

     <DoubleVectorProperty
        name="dy"
        label="Voxel size (dy)"
        command="Setdy"
        number_of_elements="1"
        animateable="1"
        default_values="1" >
        <Documentation>
          Set dy.
        </Documentation>
    </DoubleVectorProperty>

    <DoubleVectorProperty
       name="dz"
       label="Voxel size (dz)"
       command="Setdz"
       number_of_elements="1"
       animateable="1"
       default_values="1" >
       <Documentation>
         Set dz.
       </Documentation>
   </DoubleVectorProperty>

      <!-- End Curvatures -->
    </SourceProxy>
</ProxyGroup>
</ServerManagerConfiguration>
