<ServerManagerConfiguration>
  <ProxyGroup name="filters">
   <SourceProxy name="Surface Tracker Text" class="vtkDijkstraGraphGeodesicPath1" label="Surface Tracker Text">
     <Documentation
        long_help="Shortest path calculation between two points."
        short_help="shortest path.">
     </Documentation>
     <InputProperty
        name="Input"
        command="SetInputConnection">
           <ProxyGroupDomain name="groups">
             <Group name="sources"/>
             <Group name="filters"/>
           </ProxyGroupDomain>
           <DataTypeDomain name="input_type">
             <DataType value="vtkDataSet"/>
           </DataTypeDomain>
      </InputProperty>

      <DoubleVectorProperty
         name="StartVertex"
         label="Start Vertex"
         command="SetStartVertex"
         number_of_elements="1"
         animateable="1"
         default_values="0" >
         <Documentation>
           Define start point. Default is 0.
         </Documentation>
      </DoubleVectorProperty>

      <DoubleVectorProperty
         name="EndVertex"
         label="End Vertex"
         command="SetEndVertex"
         number_of_elements="1"
         animateable="1"
         default_values="10" >
         <Documentation>
           Define end point. Default is 10.
         </Documentation>
       </DoubleVectorProperty>

       <IntVectorProperty
          name="LineType"
          command="SetLineType"
          number_of_elements="1"
          default_values="0" >
        <EnumerationDomain name="enum">
          <Entry value="0" text="Geodesic"/>
          <Entry value="1" text="Sulcus"/>
          <Entry value="2" text="Gyrus"/>
        </EnumerationDomain>
        <Documentation>
          This propery specifies which type of curve to draw.
        </Documentation>
      </IntVectorProperty>

      <IntVectorProperty
         name="CurvatureType"
         command="SetCurvatureType"
         number_of_elements="1"
         default_values="2" >
       <EnumerationDomain name="enum">
         <Entry value="0" text="Gauss"/>
         <Entry value="1" text="Mean"/>
         <Entry value="2" text="Maximum"/>
         <Entry value="3" text="Minimum"/>
       </EnumerationDomain>
       <Documentation>
         This propery specifies which type of curve to draw.
       </Documentation>
     </IntVectorProperty>

     <IntVectorProperty
        name="ndepth"
        label="Neighborhood Depth"
        command="Setndepth"
        number_of_elements="1"
        animateable="1"
        default_values="2" >
        <Documentation>
          Set neighborhood depth. Default is 2.
        </Documentation>
    </IntVectorProperty>

     <DoubleVectorProperty
        name="dx"
        label="Voxel size (dx)"
        command="Setdx"
        number_of_elements="1"
        animateable="1"
        default_values="1" >
        <Documentation>
          Set dx.
        </Documentation>
    </DoubleVectorProperty>

    <DoubleVectorProperty
       name="dy"
       label="Voxel size (dy)"
       command="Setdy"
       number_of_elements="1"
       animateable="1"
       default_values="1" >
       <Documentation>
         Set dy.
       </Documentation>
   </DoubleVectorProperty>

   <DoubleVectorProperty
      name="dz"
      label="Voxel size (dz)"
      command="Setdz"
      number_of_elements="1"
      animateable="1"
      default_values="1" >
      <Documentation>
        Set dz.
      </Documentation>
  </DoubleVectorProperty>

   </SourceProxy>
 </ProxyGroup>
</ServerManagerConfiguration>
